
<workflow-app name="WettenEinlesen" xmlns="uri:oozie:workflow:0.4">
    <start to="WettenEinlesen"/>
    <action name="WettenEinlesen">
        <java>
            <job-tracker>${jobTracker}</job-tracker>
            <name-node>${nameNode}</name-node>
            <main-class>de.fhmuenster.bigdata.wettenparser.Parser</main-class>
            <capture-output/>
        </java>
        <ok to="end"/>
        <error to="kill"/>
    </action>
    <kill name="kill">
        <message>Action failed, error message[${wf:errorMessage(wf:lastErrorNode())}]</message>
    </kill>
    <end name="end"/>
</workflow-app>
