
<workflow-app name="Version3" xmlns="uri:oozie:workflow:0.4">
    <start to="delete"/>
    <action name="delete">
        <fs>
              <delete path='${nameNode}/user/cloudera/twitter.txt'/>
        </fs>
        <ok to="TwitterToHDFS5"/>
        <error to="kill"/>
    </action>
    <action name="TwitterToHDFS5">
        <java>
            <job-tracker>${jobTracker}</job-tracker>
            <name-node>${nameNode}</name-node>
            <main-class>de.fhmuenster.bigdata.twitter.TwitterEinlesen</main-class>
        </java>
        <ok to="MapReduceTwitter6"/>
        <error to="kill"/>
    </action>
    <action name="MapReduceTwitter6">
        <map-reduce>
            <job-tracker>${jobTracker}</job-tracker>
            <name-node>${nameNode}</name-node>
        </map-reduce>
        <ok to="end"/>
        <error to="kill"/>
    </action>
    <kill name="kill">
        <message>Action failed, error message[${wf:errorMessage(wf:lastErrorNode())}]</message>
    </kill>
    <end name="end"/>
</workflow-app>
